film,trailer
Toy Story,"https://www.youtube.com/watch?v=v-PjgYDrg70"
A Bugs Life,https://www.youtube.com/watch?v=mE35XQFxbeo
Toy Story 2,https://www.youtube.com/watch?v=xNWSGRD5CzU
Monsters Inc.,https://www.youtube.com/watch?v=CGbgaHoapFM
Finding Nemo,https://www.youtube.com/watch?v=SPHfeNgogVs
The Incredibles,https://www.youtube.com/watch?v=sJCjKQQOqT0
Cars,https://www.youtube.com/watch?v=W_H7_tDHFE8
Ratatouille,https://www.youtube.com/watch?v=c3sBBRxDAqk
WALL-E,https://www.youtube.com/watch?v=alIq_wG9FNk
Up,https://www.youtube.com/watch?v=pkqzFUhGPJg
Toy Story 3,https://www.youtube.com/watch?v=2BlMNH1QTeE
Cars 2,https://www.youtube.com/watch?v=oFTfAdauCOo
Brave,https://www.youtube.com/watch?v=TEHWDA_6e3M
Monsters University,https://www.youtube.com/watch?v=QxrQ6BaijAY
Inside Out,https://www.youtube.com/watch?v=yRUAzGQ3nSY
The Good Dinosaur,https://www.youtube.com/watch?v=O-RgquKVTPE
Finding Dory,https://www.youtube.com/watch?v=0tkLUap7oGQ
Cars 3,https://www.youtube.com/watch?v=ZuaseSovWDY
Coco,https://www.youtube.com/watch?v=zNCz4mQzfEI
Incredibles 2,https://www.youtube.com/watch?v=i5qOzqD9Rms
Toy Story 4,https://www.youtube.com/watch?v=wmiIUN-7qhE
Onward,https://www.youtube.com/watch?v=HxKXiQvyG_o
Soul,https://www.youtube.com/watch?v=xOsLIiBStEs
Luca,https://www.youtube.com/watch?v=YdAIBlPVe9s
Turning Red,https://www.youtube.com/watch?v=XdKzUbAiswE
Lightyear,https://www.youtube.com/watch?v=BwZs3H_UN3k
Elemental,https://www.youtube.com/watch?v=-cT495xKvvs
Inside Out 2,https://www.youtube.com/watch?v=LEjhY15eCx0
